url,analysis_timestamp,carsales_price_estimate,carsales_price_range,recommended_max_bid,expected_profit,profit_margin_percent,score_out_of_10,confidence_notes,manual_carsales_count,manual_carsales_min,manual_carsales_max,manual_carsales_avg,manual_carsales_avg_odometer,manual_carsales_table,manual_carsales_estimate,manual_instant_offer_estimate,manual_recent_sales_30d
https://www.grays.com/lot/0001-21057554/motor-vehicles-motor-cycles/2008-nissan-navara-st-x-4x4-double-cab-d40-turbo-diesel-automatic-dual-cab,2025-10-10T22:28:01.055664+00:00,$3500,$3000 - $4000,$1900,$1600,84%,8.5,"Historical auction data indicates a median price of $3509, suggesting a stable market for this model.; The vehicle's high odometer reading may affect resale value, but the diesel variant retains demand.",,,,,,,,,
https://www.grays.com/lot/0001-21057557/motor-vehicles-motor-cycles/2018-ford-ranger-xl-4x4-px-iii-turbo-diesel-automatic-dual-cab,2025-10-11T12:31:48.854163+00:00,$12650,$12000 - $13500,$11150,$1500,13%,6.5,"Historical median price indicates stable demand for this model.; Current bid is at the historical minimum, suggesting potential undervaluation.; Market risks include potential fluctuations in demand for used vehicles and economic conditions.",,,,,,,,,
https://www.grays.com/lot/0001-21057591/motor-vehicles-motor-cycles/2007-mercedes-benz-m-class-w164-automatic-wagon,2025-10-11T12:33:16.421296+00:00,$2500,$2000 - $3000,$1000,$1500,150%,8.0,"Historical median price suggests a stable resale value.; Current bid is significantly below historical averages, indicating potential for profit.",22.0,"$10,800","$21,000","$14,281","153,061 km",,,,
https://www.grays.com/lot/0001-21057606/motor-vehicles-motor-cycles/2006-hyundai-accent-mc-manual-hatchback,2025-10-11T12:33:52.994531+00:00,$1000,$800 - $1200,$400,$600,150%,8.0,"Historical auction data indicates stable pricing around $1000.; Current bid is significantly lower than historical values, suggesting potential undervaluation.; The vehicle's age and mileage may limit resale appeal, but the low entry cost enhances profit potential.",,,,,,,,,
https://www.grays.com/lot/0001-21057608/motor-vehicles-motor-cycles/2012-mitsubishi-outlander-ls-4wd-zj-turbo-diesel-automatic-7-seats-wagon,2025-10-11T12:34:15.698525+00:00,$3500,$3200 - $3800,$1800,$1700,94%,8.5,"The historical mean and median prices indicate a stable resale value.; The vehicle's high odometer reading may limit buyer interest, but the 7-seat capacity is a selling point.; Current bid is below historical values, suggesting potential for profit.",,,,,,,,,
https://www.grays.com/lot/0001-21057592/motor-vehicles-motor-cycles/2012-hyundai-ix35-active-fwd-lm-manual-wagon,2025-10-11T12:45:49.877641+00:00,$4500,$4000 - $5000,$2500,$2000,44%,8.0,The historical median price suggests a stable market for this model.; The vehicle's age and mileage may limit resale potential but still offers a reasonable profit margin.,,,,,,,,,
https://www.grays.com/lot/0001-21057594/motor-vehicles-motor-cycles/2014-jeep-grand-cherokee-limited-wk-automatic-8-speed-wagon,2025-10-11T12:46:42.264922+00:00,$8500,$8000 - $9000,$7000,$1500,21%,6.5,"The historical median and mean suggest a stable market value around $8,500.; The vehicle's age and mileage may limit resale potential, but current auction bid indicates interest.",,,,,,,,,
https://www.grays.com/lot/0001-21057593/motor-vehicles-motor-cycles/2013-toyota-camry-altise-asv50r-automatic-sedan,2025-10-14T03:41:15.715084+00:00,"$4,121","$3,000 - $6,097","$2,500","$1,621",39.3%,6.5,"The current bid is significantly lower than historical auction values, indicating potential undervaluation.; High odometer reading may deter some buyers, impacting resale value.; Market demand for reliable used vehicles like the Camry remains strong, but economic factors could affect buyer sentiment.; Adjusted Carsales average for odometer difference (factor 0.28).",14.0,"$10,800","$18,500","$13,195","167,453 km",,,,
https://www.grays.com/lot/0001-10350983/motor-vehicles-motor-cycles/2017-holden-colorado-4x4-lx-rg-turbo-diesel-automatic-cab-chassis,2025-10-15T20:26:03.150495+00:00,"$31,889","$13,200 - $64,200","$12,000","$19,889",62.4%,6.5,"Current bid is significantly below historical auction data, indicating potential undervaluation.; Comparable vehicles on Carsales show higher pricing, but condition and market demand can vary.; The vehicle's odometer reading is relatively low for its age, which could positively influence resale value.; Adjusted Carsales average for odometer difference (factor 1.20).",43.0,"$11,000","$53,500","$26,574","177,113 km","Year | Make | Model | Variant | Transmission | Odometer | Price
2017 | Holden | Colorado | Z71 Auto 4x4 MY17 | Automatic | 40,000 km | $53,500
2017 | Holden | Colorado | LTZ Auto 4x4 MY18 | Automatic | 58,000 km | $38,800
2017 | Holden | Colorado | Z71 Auto 4x4 MY18 | Automatic | 64,259 km | $36,000
2017 | Holden | Colorado | LS Auto 4x2 MY18 | Automatic | 68,000 km | $28,000
2017 | Holden | Colorado | LS Auto 4x4 MY18 | Automatic | 99,402 km | $32,000
2017 | Holden | Colorado | Z71 Auto 4x4 MY17 | Automatic | 102,000 km | $38,500
2017 | Holden | Colorado | LTZ Auto 4x4 MY17 | Automatic | 119,124 km | $29,450
2017 | Holden | Colorado | LS Auto 4x2 MY17 | Automatic | 136,154 km | $23,000
2017 | Holden | Colorado | Z71 Auto 4x4 MY18 | Automatic | 136,000 km | $36,999
2017 | Holden | Colorado | â˜…LX RG Cab Chassis 4x4 Turbo Diesel | Automatic | 136,802 km | (Your input)
2017 | Holden | Colorado | LTZ Auto 4x4 MY17 | Automatic | 143,272 km | $30,990
2017 | Holden | Colorado | LS Auto 4x2 MY17 | Automatic | 143,000 km | $20,000
2017 | Holden | Colorado | Z71 Auto 4x4 MY17 | Automatic | 152,370 km | $29,999
2017 | Holden | Colorado | Z71 Auto 4x4 MY17 | Automatic | 155,000 km | $33,500
2017 | Holden | Colorado | LS Auto 4x4 MY18 | Automatic | 157,000 km | $27,000
2017 | Holden | Colorado | Z71 Auto 4x4 MY18 | Automatic | 159,861 km | $27,500
2017 | Holden | Colorado | Z71 Auto 4x4 MY17 | Automatic | 162,789 km | $33,000
2017 | Holden | Colorado | LS Auto 4x2 MY17 | Automatic | 170,000 km | $25,000
2017 | Holden | Colorado | Z71 Auto 4x4 MY18 | Automatic | 173,249 km | $31,990
2017 | Holden | Colorado | LTZ Auto 4x4 MY18 | Automatic | 173,500 km | $24,990
2017 | Holden | Colorado | LS Auto 4x4 MY17 | Automatic | 175,000 km | $23,990
2017 | Holden | Colorado | LS Auto 4x4 MY18 | Automatic | 176,000 km | $25,000
2017 | Holden | Colorado | LTZ Auto 4x4 MY18 | Automatic | 180,978 km | $25,990
2017 | Holden | Colorado | Z71 Auto 4x4 MY17 | Automatic | 183,863 km | $28,840
2017 | Holden | Colorado | LTZ Auto 4x4 MY18 | Automatic | 185,591 km | $26,900
2017 | Holden | Colorado | LS Auto 4x4 MY18 | Automatic | 188,644 km | $16,990
2017 | Holden | Colorado | LS Auto 4x4 MY18 | Automatic | 191,792 km | $24,000
2017 | Holden | Colorado | LTZ Auto 4x4 MY18 | Automatic | 197,000 km | $25,500
2017 | Holden | Colorado | LTZ Auto 4x4 MY17 | Automatic | 198,000 km | $30,000
2017 | Holden | Colorado | LS Auto 4x4 MY18 | Automatic | 199,657 km | $18,999
2017 | Holden | Colorado | LS Auto 4x4 MY18 | Automatic | 200,000 km | $27,000
2017 | Holden | Colorado | LS Auto 4x2 MY18 | Automatic | 201,000 km | $23,500
2017 | Holden | Colorado | LS Auto 4x4 MY17 | Automatic | 206,147 km | $24,990
2017 | Holden | Colorado | LS Auto 4x4 MY18 | Automatic | 223,000 km | $18,900
2017 | Holden | Colorado | LTZ Auto 4x4 MY18 | Automatic | 224,000 km | $24,500
2017 | Holden | Colorado | Z71 Auto 4x4 MY18 | Automatic | 242,000 km | $23,999
2017 | Holden | Colorado | LS Auto 4x4 MY18 | Automatic | 243,380 km | $24,990
2017 | Holden | Colorado | LS Auto 4x4 MY18 | Automatic | 246,940 km | $21,999
2017 | Holden | Colorado | Z71 Auto 4x4 MY18 | Automatic | 246,000 km | $22,500
2017 | Holden | Colorado | LT Auto 4x4 MY17 | Automatic | 248,065 km | $19,900
2017 | Holden | Colorado | LS Auto 4x4 MY18 | Automatic | 253,000 km | $19,999
2017 | Holden | Colorado | LS Auto 4x4 MY18 | Automatic | 229,600 km | $15,999
2017 | Holden | Colorado | LS Auto 4x2 MY17 | Automatic | 268,000 km | $11,000
2017 | Holden | Colorado | Z71 Manual 4x4 MY18 | Manual | 335,550 km | $16,990",,,
https://www.grays.com/lot/0001-50517083/motor-vehicles-motor-cycles/2015-subaru-forester-2-0xt-premium-s4-cvt-wagon,2025-10-15T20:35:20.423878+00:00,"$11,095","$7,425 - $13,750","$8,938","$2,157",19.4%,6.5,"The vehicle has high mileage, which may deter some buyers.; Comparable models on Carsales show a significant price range, indicating variability in buyer demand.; Adjusted Carsales average for odometer difference (factor 0.69).",5.0,"$10,800","$19,999","$16,138","179,996 km",,,,
https://www.grays.com/lot/0001-50517084/motor-vehicles-motor-cycles/2016-volkswagen-polo-66tsi-trendline-6r-automatic-hatchback,2025-10-15T21:50:04.030991+00:00,"$9,260","$5,145 - $11,874","$4,354","$4,906",53.0%,7.0,"Historical auction data indicates a strong median and mean price for similar vehicles.; Current bid is significantly below historical pricing, suggesting potential for profit.; Market demand for small hatchbacks like the Polo remains stable, but condition and mileage are critical.; Adjusted Carsales average for odometer difference (factor 0.79).",6.0,"$6,500","$15,000","$11,698","106,309 km",,,,
https://www.grays.com/lot/0001-50713295/motor-vehicles-motor-cycles/1998-toyota-landcruiser-gxl-fzj105r-automatic-8-seats-wagon,2025-10-16T03:53:55.715243+00:00,"$9,960","$5,691 - $14,228","$7,724","$2,236",22.4%,7.0,"The historical auction data indicates a median price of $7250, suggesting a solid resale potential.; Comparable listings on Carsales show a wide price range, indicating demand variability.; The high odometer reading may deter some buyers, impacting resale value.; Adjusted Carsales average for odometer difference (factor 0.81).",4.0,"$7,000","$17,500","$12,250","388,026 km",,,,
https://www.grays.com/lot/0001-21057846/motor-vehicles-motor-cycles/2008-mercedes-benz-m-class-w164-turbo-diesel-automatic-wagon,2025-10-16T06:20:38.940977+00:00,$3000,$2500 - $3500,"$1,500",$1500,100%,8.0,The historical median and mean suggest a stable resale value.; The vehicle's age and high odometer reading may limit buyer interest.,,,,,,,,,
https://www.grays.com/lot/0001-21057949/motor-vehicles-motor-cycles/2008-toyota-hilux-4x2-workmate-tgn16r-manual-dual-cab,2025-10-18T04:55:43.584329+00:00,"$10,066","$10,062 - $10,072","$6,156","$3,910",38.8%,8.0,"The vehicle is priced significantly lower than comparable listings, indicating potential for profit.; High odometer reading may deter some buyers, but the Hilux brand has strong resale value.; Market demand for dual cab utes remains robust in Australia.; Adjusted Carsales average for odometer difference (factor 1.12).",2.0,"$8,990","$8,999","$8,994","357,378 km",,,,
https://www.grays.com/lot/0001-50713414/motor-vehicles-motor-cycles/2019-isuzu-mu-x-4x4-ls-m-turbo-diesel-automatic-7-seats-wagon,2025-10-20T02:29:46.786961+00:00,"$27,815","$27,815 - $27,815","$19,170","$8,645",31.1%,7.5,"The historical median and mean prices indicate strong resale value despite high odometer reading.; Current auction bid is significantly below market expectations, presenting a potential buying opportunity.; Market risks include fluctuating demand for older diesel vehicles and potential regulatory changes.; Adjusted Carsales average for odometer difference (factor 0.75).",1.0,"$36,999","$36,999","$36,999","171,033 km",,,,
https://www.grays.com/lot/0001-21058096/motor-vehicles-motor-cycles/2010-holden-barina-spark-cd-mj-manual-hatchback,2025-10-21T13:20:10.054516+00:00,$800,$700 - $900,$400,$400,100%,8.0,The historical median price suggests a stable market value.; The vehicle's condition and mileage are reasonable for its age.,,,,,,,,,
https://www.grays.com/lot/0001-10351091/motor-vehicles-motor-cycles/2019-volkswagen-tiguan-132tsi-comfortline-mk2-automatic-wagon,2025-10-23T08:43:16.125775+00:00,"$12,277","$13,136 - $19,112","$9,622","$2,654",21.6%,8.0,"Current bid is significantly below historical auction data, indicating potential undervaluation.; Comparable sales suggest a strong demand for this model, supporting higher resale prices.; Market risks include potential fluctuations in demand and economic conditions affecting buyer sentiment.; Adjusted Carsales average for odometer difference (factor 0.66).",7.0,"$19,795","$28,800","$23,838","79,003 km",,"$17,000 - $20,000","$13,690 - $14,690",320.0
https://www.grays.com/lot/0001-21058073/motor-vehicles-motor-cycles/2018-ford-endura-trend-awd-turbo-diesel-automatic-8-speed-wagon,2025-10-23T14:12:43.919833+00:00,"$19,150",$14000 - $15000,"$12,000","$7,150",37.3%,7.0,"Historical auction data indicates a median price of $14,250, suggesting stability in the market.; Current bid is significantly below the historical mean, indicating potential for appreciation.; Market risks include fluctuating demand for diesel vehicles and potential economic factors affecting buyer sentiment.",,,,,,,"$17,600 - $20,700","$14,169 - $15,169",25.0
https://www.grays.com/lot/0001-21058368/motor-vehicles-motor-cycles/2015-mazda-cx-5-maxx-sport-ke-turbo-diesel-automatic-wagon,2025-10-26T09:29:47.022016+00:00,"$13,950","$11,500 - $13,500","$9,000","$4,950",35.5%,8.0,"Historical auction data indicates a strong median price of $9,300, suggesting solid resale potential.; The current bid of $4,200 is significantly lower than the estimated resale range, providing a good margin for profit.",,,,,,,"$12,700 - $15,200","$10,017 - $11,017",215.0
https://www.grays.com/lot/0001-21058085/motor-vehicles-motor-cycles/2017-mitsubishi-eclipse-cross-exceed-awd-ya-cvt-wagon,2025-10-26T14:06:01.762019+00:00,"$16,050",$13000 - $14500,"$8,200","$7,850",48.9%,8.0,"Historical auction data indicates a strong median price, suggesting stable demand.; The vehicle's mileage is relatively high, which could impact resale value but is offset by the model's desirability.; Current bid is significantly below historical values, presenting a potential opportunity.",,,,,,,"$15,300 - $16,800",,30.0
https://www.grays.com/lot/0001-21058112/motor-vehicles-motor-cycles/2020-holden-commodore-lt-zb-9-auto-wagon,2025-10-26T14:10:28.084612+00:00,"$13,300",$11000 - $12000,"$9,500","$3,800",28.6%,6.5,"The historical median and mean prices suggest a stable market value.; Current bid is significantly lower than historical values, indicating potential undervaluation.",,,,,,,"$12,100 - $14,500","$10,116 - $11,116",52.0
https://www.grays.com/lot/0001-21058078/motor-vehicles-motor-cycles/2019-holden-trailblazer-ltz-rg-turbo-diesel-automatic-7-seats-wagon,2025-10-26T14:20:00.848273+00:00,"$24,600",$21000 - $23000,"$16,500","$8,100",32.9%,8.0,"The historical auction data indicates a strong median and mean price, suggesting a stable market.; Current bid is significantly lower than historical values, indicating potential for resale upside.; The vehicle's mileage is reasonable for its age, which may attract buyers.",,,,,,,"$22,900 - $26,300","$21,424 - $22,424",60.0
https://www.grays.com/lot/0001-21058491/motor-vehicles-motor-cycles/2018-volkswagen-tiguan-132tsi-comfortline-mk2-automatic-wagon-luxury-pack,2025-10-28T00:58:34.596611+00:00,"$22,100",$16500 - $18500,"$14,500","$7,600",34.4%,6.5,"Historical auction data indicates a median price of $15,250, suggesting current bid is significantly below market value.; The vehicle's condition and mileage are favorable, but market fluctuations and competition could impact final sale price.",,,,,,,"$20,600 - $23,600","$17,021 - $18,021",308.0
https://www.grays.com/lot/0001-21057956/motor-vehicles-motor-cycles/2018-hyundai-tucson-active-x-tl-automatic-wagon,2025-10-28T03:10:23.123345+00:00,$9100,$8500 - $9500,"$4,600",$4500,49%,8.0,"Historical median and mean prices indicate strong resale potential.; Current bid is significantly below historical values, suggesting a good buying opportunity.",,,,,,,,,
https://www.grays.com/lot/0001-21058573/motor-vehicles-motor-cycles/2013-mitsubishi-outlander-aspire-4wd-zj-t-d-auto-7-seats-wagon-comp2014,2025-10-30T11:31:50.299232+00:00,"$7,300",$6200 - $8400,"$4,700","$2,600",35.6%,8.0,"Historical auction data indicates a median price of $5800, suggesting a stable market for this model.; The vehicle's odometer reading is high, which may limit buyer interest but is offset by the 7-seat capacity and 4WD capability.",,,,,,,"$6,200 - $8,400",,30.0
https://www.grays.com/lot/0001-21058578/motor-vehicles-motor-cycles/2013-toyota-corolla-ascent-zre182r-cvt-hatchback,2025-10-30T21:34:12.464124+00:00,"$9,850",$9000 - $10300,"$7,309","$1,041",10.6%,2.1,"The historical median and mean prices suggest a stable resale value.; Current bid is significantly below historical pricing, indicating potential for profit.; Raised recommended max bid to $7,309 to respect the closest historical median.; Score capped at 2.1 to align with 10.6% profit margin.",,,,,,,"$9,400 - $10,300",,217.0
https://www.grays.com/lot/0001-21058584/motor-vehicles-motor-cycles/2012-audi-a3-1-8-tfsi-amb-8p-automatic-hatchback,2025-10-30T21:49:47.054500+00:00,"$7,800",$6700 - $8900,"$4,102","$2,198",28.2%,5.6,"The historical median auction price indicates strong resale potential.; Current bid is significantly lower than historical values, suggesting a good buying opportunity.; Raised recommended max bid to $4,102 to respect the closest historical median.; Score capped at 5.6 to align with 28.2% profit margin.",,,,,,,"$6,700 - $8,900",,26.0
https://www.grays.com/lot/0001-21058484/motor-vehicles-motor-cycles/2006-volvo-xc70-se-automatic-wagon,2025-10-30T21:53:40.091394+00:00,"$3,700",$2200 - $2600,"$1,400",$800,21.6%,4.3,"The historical auction data indicates a strong consistency in pricing around $1400.; The vehicle's condition and mileage are typical for its age, supporting a competitive resale price.; Market demand for older Volvos can fluctuate, but the XC70 has a loyal following.; Raised recommended max bid to $1,400 to respect the historical auction minimum.; Score capped at 4.3 to align with 21.6% profit margin.",,,,,,,"$2,800 - $4,600",,0.0
https://www.grays.com/lot/0001-21058566/motor-vehicles-motor-cycles/2007-toyota-yaris-yrs-ncp91r-automatic-hatchback,2025-10-30T23:59:49.020100+00:00,"$4,200",$3500 - $4400,"$2,609",$91,2.2%,0.4,"Historical median and mean prices suggest a stable demand for this model.; The current bid is significantly lower than historical values, indicating potential for profit.; High odometer reading may affect resale value, but Toyota's reliability is a strong selling point.; Raised recommended max bid to $2,609 to respect the closest historical median.; Score capped at 0.4 to align with 2.2% profit margin.",,,,,,,"$4,000 - $4,400",,87.0
https://www.grays.com/lot/0001-21058580/motor-vehicles-motor-cycles/2011-volkswagen-golf-77tsi-a6-automatic-hatchback,2025-10-31T00:05:35.076628+00:00,"$7,900",$6800 - $9000,"$5,300","$1,100",13.9%,2.8,"Historical auction data indicates a strong average price for similar vehicles.; The current bid is significantly below the historical median, suggesting potential for profit.; Market demand for hatchbacks like the Golf remains stable in the region.; Score capped at 2.8 to align with 13.9% profit margin.",,,,,,,"$6,800 - $9,000",,179.0
https://www.grays.com/lot/0001-21059109/motor-vehicles-motor-cycles/2015-nissan-altima-ti-s-l33-cvt-sedan,2025-11-11T08:13:03.786321+00:00,$7400,$7000 - $7800,"$5,109",$791,10.7%,2.1,"Historical auction data indicates a strong median and mean price for similar vehicles.; The current bid is significantly lower than the historical pricing, suggesting potential for profit.; Capped recommended max bid at $5,109 (current bid plus $3,500 headroom).; Recommended bid undercuts the historical auction minimum ($5,700); confirm condition advantages before bidding.; Score capped at 2.1 to align with 10.7% profit margin.",,,,,,,,,
https://www.grays.com/lot/0001-21058951/motor-vehicles-motor-cycles/2014-mitsubishi-lancer-ralliart-cj-automatic-sedan,2025-11-11T08:18:48.205147+00:00,$10000,$9000 - $11000,"$8,500",$0,0.0%,0.0,"The current bid is significantly lower than historical auction data, indicating potential undervaluation.; The vehicle's mileage is relatively high, which may impact resale value.; Market demand for this specific model may fluctuate, posing a risk to expected resale price.; Recommended bid undercuts the historical auction minimum ($13,620); confirm condition advantages before bidding.; Score forced to 0 because projected profit is not positive.",,,,,,,,,
https://www.grays.com/lot/0001-21059120/motor-vehicles-motor-cycles/2017-hyundai-accent-sport-rb-automatic-hatchback,2025-11-11T08:20:04.071886+00:00,$7400,$7000 - $7800,"$5,609",$291,3.9%,0.8,"Historical auction data indicates a median price of $7700, suggesting a stable market value.; The vehicle's high odometer reading may affect resale value, but the model's popularity can mitigate this risk.; Capped recommended max bid at $5,609 (current bid plus $3,500 headroom).; Recommended bid undercuts the historical auction minimum ($6,600); confirm condition advantages before bidding.; Score capped at 0.8 to align with 3.9% profit margin.",,,,,,,,,
https://www.grays.com/lot/0001-9064974/motor-vehicles-motor-cycles/2012-audi-q5-2-0-tdi-quattro-8r-t-d-auto-wagon-wovr-inspected,2025-11-11T08:21:39.637176+00:00,$6500,$6000 - $7000,"$4,409",$591,9.1%,1.8,"The historical auction data indicates a median price of $6475, suggesting a stable market value.; The vehicle's high odometer reading may deter some buyers, impacting resale potential.; Capped recommended max bid at $4,409 (current bid plus $3,500 headroom).; Recommended bid undercuts the closest historical median ($6,475); confirm condition advantages before bidding.; Score capped at 1.8 to align with 9.1% profit margin.",,,,,,,,,
https://www.grays.com/lot/0001-60049534/motor-vehicles-motor-cycles/2017-toyota-hilux-4x2-sr-hi-rider-gun136r-turbo-diesel-automatic-dual-cab,2025-11-11T08:22:25.114678+00:00,$17900,$17000 - $19000,"$16,400",$0,0.0%,0.0,"The historical median and mean prices suggest a stable resale value.; Current bid is significantly lower than historical values, indicating potential for appreciation.; Market demand for used Hilux models remains strong, but economic factors could impact pricing.; Recommended bid undercuts the closest historical median ($17,700); confirm condition advantages before bidding.; Score forced to 0 because projected profit is not positive.",,,,,,,,,
https://www.grays.com/lot/0001-9064953/motor-vehicles-motor-cycles/2015-volkswagen-golf-103tsi-highline-a7-automatic-hatchback,2025-11-11T08:24:17.416292+00:00,$6000,$5500 - $6500,"$4,500",$0,0.0%,0.0,"The historical median and mean prices indicate a stable market value around $6,000.; The high odometer reading may deter some buyers, impacting resale value.; Recommended bid undercuts the closest historical median ($5,700); confirm condition advantages before bidding.; Score forced to 0 because projected profit is not positive.",,,,,,,,,
https://www.grays.com/lot/0001-9065000/motor-vehicles-motor-cycles/2012-mazda-cx-5-grand-touring-ke-turbo-diesel-automatic-wagon,2025-11-11T08:26:46.400662+00:00,$5300,$5000 - $5500,"$3,800",$0,0.0%,0.0,"The historical median price suggests a stable market value for this model.; Current bid is significantly lower than historical values, indicating potential undervaluation.; Recommended bid undercuts the closest historical median ($5,100); confirm condition advantages before bidding.; Score forced to 0 because projected profit is not positive.",,,,,,,,,
https://www.grays.com/lot/0001-9065012/motor-vehicles-motor-cycles/2023-suzuki-vitara-automatic-wagon,2025-11-11T08:28:26.793617+00:00,$14500,$14000 - $15000,"$13,000",$0,0.0%,0.0,"The current bid is significantly lower than historical pricing, indicating potential undervaluation.; Market demand for Suzuki Vitara may fluctuate, impacting resale value.; Reconditioning costs could affect overall profitability if unexpected repairs are needed.; Recommended bid undercuts the historical auction minimum ($14,600); confirm condition advantages before bidding.; Score forced to 0 because projected profit is not positive.",,,,,,,,,
https://www.grays.com/lot/0001-21059115/motor-vehicles-motor-cycles/2012-subaru-xv-2-0i-g4x-cvt-hatchback,2025-11-11T08:30:10.471573+00:00,$4800,$4500 - $5100,"$3,200",$100,2.1%,0.4,"The historical median and mean prices indicate a stable market for this model.; The vehicle's high odometer reading may limit buyer interest, but the price range reflects current demand.; Recommended bid undercuts the closest historical median ($4,800); confirm condition advantages before bidding.; Score capped at 0.4 to align with 2.1% profit margin.",,,,,,,,,
https://www.grays.com/lot/0001-21059100/motor-vehicles-motor-cycles/2011-nissan-elgrand-automatic-private-import-7-seats-wagon,2025-11-11T08:30:58.996731+00:00,$6600,$6000 - $7200,"$4,800",$300,4.5%,0.9,"Historical auction data indicates a consistent median price of $6600.; Current bid is significantly lower than historical values, suggesting potential for profit.; Market demand for unique imports like the Nissan Elgrand may enhance resale value.; Recommended bid undercuts the historical auction minimum ($6,600); confirm condition advantages before bidding.; Score capped at 0.9 to align with 4.5% profit margin.",,,,,,,,,
https://www.grays.com/lot/0001-50713607/motor-vehicles-motor-cycles/2017-ford-transit-custom-290s-swb-vn-turbo-diesel-automatic-van,2025-11-11T19:23:37.391528+00:00,$13000,$12000 - $14000,"$8,000","$3,500",26.9%,5.4,"The vehicle's high odometer reading may limit resale value.; Historical auction data suggests a significant discount from median prices.; Market demand for used vans can fluctuate based on economic conditions.; Capped recommended max bid at $8,000 (current bid plus $3,500 headroom).; Recommended bid undercuts the historical auction minimum ($13,613); confirm condition advantages before bidding.; Score capped at 5.4 to align with 26.9% profit margin.",,,,,,,,,
https://www.grays.com/lot/0001-21059168/motor-vehicles-motor-cycles/2012-volkswagen-golf-103tdi-comfortline-a6-turbo-diesel-automatic-wagon,2025-11-11T19:24:03.936585+00:00,$1600,$1500 - $1800,"$1,300",$0,0.0%,0.0,"Historical auction data indicates a consistent demand for this model.; Current bid is below the historical median, suggesting potential for a profitable resale.; Raised recommended max bid to match the current live bid ($1,300).; Recommended bid undercuts the closest historical median ($1,809); confirm condition advantages before bidding.; Score forced to 0 because projected profit is not positive.",,,,,,,,,
https://www.grays.com/lot/0001-21059149/motor-vehicles-motor-cycles/2005-mazda-6-luxury-sports-gg-automatic-hatchback,2025-11-11T19:24:17.063072+00:00,$1300,$1200 - $1400,$709,$0,0.0%,0.0,"The historical median and mean prices suggest a stable market for this model.; The vehicle's age and odometer reading may limit its appeal, but the Luxury Sports variant adds value.; Raised recommended max bid to match the current live bid ($709).; Recommended bid undercuts the historical auction minimum ($900); confirm condition advantages before bidding.; Score forced to 0 because projected profit is not positive.",,,,,,,,,
https://www.grays.com/lot/0001-21059160/motor-vehicles-motor-cycles/2009-mazda-3-neo-bl-automatic-sedan,2025-11-11T19:24:27.906630+00:00,$3600,$3300 - $3900,"$2,809",$0,0.0%,0.0,"Historical auction data indicates a stable resale market for similar vehicles.; The vehicle's condition and mileage are reasonable for its age, enhancing resale potential.; Raised recommended max bid to match the current live bid ($2,809).; Recommended bid undercuts the closest historical median ($3,709); confirm condition advantages before bidding.; Score forced to 0 because projected profit is not positive.",,,,,,,,,
https://www.grays.com/lot/0001-21059145/motor-vehicles-motor-cycles/2007-volvo-s40-t5-awd-automatic-sedan,2025-11-11T19:24:38.466364+00:00,$1400,$1200 - $1600,$609,$0,0.0%,0.0,"The historical auction data indicates a median price of $1432, which supports the estimated resale price.; The vehicle's age and mileage are reasonable for its category, suggesting a stable demand.; Potential risks include market fluctuations and the condition of the vehicle affecting resale value.; Raised recommended max bid to match the current live bid ($609).; Recommended bid undercuts the closest historical median ($809); confirm condition advantages before bidding.; Score forced to 0 because projected profit is not positive.",,,,,,,,,
https://www.grays.com/lot/0001-21059184/motor-vehicles-motor-cycles/2012-jeep-patriot-sport-mk-manual-wagon,2025-11-11T19:24:51.626492+00:00,$2200,$2000 - $2400,"$1,109",$0,0.0%,0.0,"The historical median and mean auction prices indicate a stable demand for this model.; The low current bid suggests potential for a bargain acquisition, given the historical pricing data.; Raised recommended max bid to match the current live bid ($1,109).; Recommended bid undercuts the closest historical median ($2,504); confirm condition advantages before bidding.; Score forced to 0 because projected profit is not positive.",,,,,,,,,
https://www.grays.com/lot/0001-21059173/motor-vehicles-motor-cycles/2016-mitsubishi-outlander-exceed-4wd-zk-cvt-7-seats-wagon,2025-11-11T19:25:08.625759+00:00,$9500,$9000 - $10000,"$6,809","$1,191",12.5%,2.5,"The vehicle's high odometer reading may limit buyer interest.; Historical auction data suggests a strong median price, but current bid is significantly lower.; Capped recommended max bid at $6,809 (current bid plus $3,500 headroom).; Recommended bid undercuts the closest historical median ($10,200); confirm condition advantages before bidding.; Score capped at 2.5 to align with 12.5% profit margin.",,,,,,,,,
https://www.grays.com/lot/0001-21059186/motor-vehicles-motor-cycles/2004-toyota-avalon-gxi-mcx10r-automatic-sedan,2025-11-11T19:25:20.420342+00:00,$8000,$7500 - $8500,"$4,250","$2,250",28.1%,5.6,"The historical auction data indicates stable pricing around $809, suggesting limited appreciation potential.; The vehicle's age and high odometer reading may deter some buyers, impacting resale value.; Capped recommended max bid at $4,250 (current bid plus $3,500 headroom).; Score capped at 5.6 to align with 28.1% profit margin.",,,,,,,,,
https://www.grays.com/lot/0001-21059187/motor-vehicles-motor-cycles/2007-honda-accord-euro-7th-gen-automatic-sedan,2025-11-11T19:26:02.153815+00:00,$3200,$2900 - $3500,"$1,609",$91,2.8%,0.6,"The historical median and mean prices suggest a stable resale value.; The vehicle's condition and mileage are typical for its age, minimizing risk.; Raised recommended max bid to match the current live bid ($1,609).; Score capped at 0.6 to align with 2.8% profit margin.",,,,,,,,,
https://www.grays.com/lot/0001-21059178/motor-vehicles-motor-cycles/2008-bmw-3-series-325i-e90-automatic-sedan,2025-11-11T19:26:11.619472+00:00,$3200,$2900 - $3500,"$1,700",$0,0.0%,0.0,"The historical median and mean prices suggest a stable resale value.; The vehicle's age and mileage are reasonable for its category, but condition will heavily influence final sale price.; Recommended bid undercuts the closest historical median ($3,309); confirm condition advantages before bidding.; Score forced to 0 because projected profit is not positive.",,,,,,,,,
https://www.grays.com/lot/0001-21059163/motor-vehicles-motor-cycles/2008-subaru-forester-x-s3-automatic-wagon,2025-11-11T19:26:23.791387+00:00,$2500,$2200 - $2800,"$1,000",$0,0.0%,0.0,"The historical median and mean prices indicate a stable market for this model.; The current bid is significantly lower than historical values, suggesting a potential undervaluation.; Recommended bid undercuts the closest historical median ($1,500); confirm condition advantages before bidding.; Score forced to 0 because projected profit is not positive.",,,,,,,,,
https://www.grays.com/lot/0001-21059165/motor-vehicles-motor-cycles/2012-ford-falcon-g6e-fg-ii-automatic-sedan,2025-11-11T19:26:35.588508+00:00,$3900,$3500 - $4300,"$2,809",$0,0.0%,0.0,"The historical median and mean suggest a stable resale value.; The vehicle's high odometer reading may limit buyer interest.; Raised recommended max bid to match the current live bid ($2,809).; Recommended bid undercuts the closest historical median ($5,009); confirm condition advantages before bidding.; Score forced to 0 because projected profit is not positive.",,,,,,,,,
https://www.grays.com/lot/0001-21059167/motor-vehicles-motor-cycles/2015-mercedes-benz-gl-class-gl350-bluetec-x166-t-d-auto-7-seats-wagon,2025-11-11T19:26:41.676730+00:00,$31000,$29500 - $32500,"$13,600","$15,900",51.3%,7.5,"The historical median and mean prices indicate strong demand for this model.; Current bid is below historical minimum, suggesting potential for a profitable resale.; Capped recommended max bid at $13,600 (current bid plus $3,500 headroom).; Recommended bid undercuts the closest historical median ($15,009); confirm condition advantages before bidding.",,,,,,,,,
https://www.grays.com/lot/0001-21059136/motor-vehicles-motor-cycles/2012-subaru-forester-x-s3-automatic-wagon-wovr-inspected,2025-11-11T19:28:01.763239+00:00,$4000,$3500 - $4500,"$2,500",$0,0.0%,0.0,"The historical median price of $4625 indicates strong demand for this model.; The vehicle's odometer reading is relatively high, which may limit resale potential.; Auction data suggests a low current bid, indicating potential undervaluation.; Recommended bid undercuts the closest historical median ($5,100); confirm condition advantages before bidding.; Score forced to 0 because projected profit is not positive.",,,,,,,,,
https://www.grays.com/lot/0001-21059146/motor-vehicles-motor-cycles/2015-bmw-x3-xdrive-20i-f25-automatic-8-speed-wagon,2025-11-11T19:28:27.689183+00:00,$10500,$9500 - $11500,"$8,109",$891,8.5%,1.7,"The current bid is significantly below historical auction data, indicating potential undervaluation.; High odometer reading may deter some buyers, impacting resale price.; Market demand for used BMWs can fluctuate, posing a risk to achieving the higher end of the price range.; Capped recommended max bid at $8,109 (current bid plus $3,500 headroom).; Recommended bid undercuts the historical auction minimum ($9,600); confirm condition advantages before bidding.; Score capped at 1.7 to align with 8.5% profit margin.",,,,,,,,,
https://www.grays.com/lot/0001-21059138/motor-vehicles-motor-cycles/2019-ford-ranger-xls-4x4-px-iii-turbo-diesel-automatic-dual-cab,2025-11-12T10:17:33.436337+00:00,$19500,$18000 - $21000,"$13,600","$4,400",22.6%,4.5,"The historical median and mean prices indicate a stable market for this model.; High odometer reading may affect resale value, but the variant is popular in the market.; Capped recommended max bid at $13,600 (current bid plus $3,500 headroom).; Recommended bid undercuts the closest historical median ($20,200); confirm condition advantages before bidding.; Score capped at 4.5 to align with 22.6% profit margin.",,,,,,,,,
https://www.grays.com/lot/0001-21059266/motor-vehicles-motor-cycles/2020-toyota-corolla-ascent-sport-hybrid-zwe211r-cvt-hatchback,2025-11-14T09:59:55.326191+00:00,$22000,$21000 - $23000,"$17,500","$3,000",13.6%,2.7,"The historical auction data indicates a strong demand for this model, with consistent pricing.; The current bid is significantly below the historical median, suggesting potential for appreciation.; Recommended bid undercuts the historical auction minimum ($21,800); confirm condition advantages before bidding.; Score capped at 2.7 to align with 13.6% profit margin.",,,,,,,,,
https://www.grays.com/lot/0001-21059219/motor-vehicles-motor-cycles/2016-nissan-pathfinder-st-r52-cvt-7-seats-wagon,2025-11-14T11:40:49.843101+00:00,$5200,$4500 - $7200,"$2,209","$1,491",28.7%,5.7,"The historical median and mean prices suggest a stable resale value.; Current bid is significantly below historical values, indicating potential for profit.; Raised recommended max bid to match the current live bid ($2,209).; Recommended bid undercuts the historical auction minimum ($4,502); confirm condition advantages before bidding.; Score capped at 5.7 to align with 28.7% profit margin.",,,,,,,,,
https://www.grays.com/lot/0001-21059270/motor-vehicles-motor-cycles/2012-holden-cruze-cd-jh-automatic-sedan,2025-11-14T11:42:09.026575+00:00,$2000,$1800 - $2200,$500,$0,0.0%,0.0,"The historical median and mean prices indicate a stable market for this vehicle.; The current bid is significantly lower than historical values, suggesting a potential undervalue.; Recommended bid undercuts the closest historical median ($1,410); confirm condition advantages before bidding.; Score forced to 0 because projected profit is not positive.",,,,,,,,,
https://www.grays.com/lot/0001-21059221/motor-vehicles-motor-cycles/2011-volvo-xc90-d5-executive-turbo-diesel-automatic-7-seats-wagon,2025-11-14T11:44:39.310714+00:00,$3500,$3000 - $4000,"$2,000",$0,0.0%,0.0,"The historical median and mean prices suggest a stable demand for this model.; The current bid is below the historical minimum, indicating potential undervaluation.; Raised recommended max bid to match the current live bid ($2,000).; Recommended bid undercuts the closest historical median ($3,350); confirm condition advantages before bidding.; Score forced to 0 because projected profit is not positive.",,,,,,,,,
https://www.grays.com/lot/0001-50713630/motor-vehicles-motor-cycles/1998-nissan-skyline-r34-manual-coupe,2025-11-14T21:40:49.092276+00:00,$31000,$29500 - $32500,"$15,500","$14,000",45.2%,7.5,"The historical auction data indicates a strong demand for the R34 variant, supporting a higher resale price.; Current bid is significantly lower than historical median, suggesting potential for appreciation.; Market risks include fluctuations in collector interest and potential maintenance costs.; Capped recommended max bid at $15,500 (current bid plus $3,500 headroom).; Recommended bid undercuts the historical auction minimum ($21,700); confirm condition advantages before bidding.",,,,,,,,,
https://www.grays.com/lot/0001-50517336/motor-vehicles-motor-cycles/2015-kia-carnival-s-yp-automatic-8-seats-people-mover,2025-11-15T05:53:39.914266+00:00,$9500,$9000 - $10000,"$7,000","$1,000",10.5%,2.1,"The historical median price is significantly higher than the current bid, indicating potential for appreciation.; High odometer reading may deter some buyers, impacting resale value.; Market demand for family vehicles like the Kia Carnival remains stable, but economic factors could influence buyer sentiment.; Recommended bid undercuts the historical auction minimum ($8,600); confirm condition advantages before bidding.; Score capped at 2.1 to align with 10.5% profit margin.",,,,,,,,,
https://www.grays.com/lot/0001-50517334/motor-vehicles-motor-cycles/2013-land-rover-range-rover-evoque-td4-pure-turbo-diesel-automatic-wagon,2025-11-16T12:51:11.083822+00:00,$9200,$8500 - $9800,"$7,600",$100,1.1%,0.2,"The historical median price indicates a strong potential resale value.; The vehicle's high odometer reading may deter some buyers, affecting demand.; Capped recommended max bid at $7,600 (current bid plus $3,500 headroom).; Recommended bid undercuts the closest historical median ($11,577); confirm condition advantages before bidding.; Score capped at 0.2 to align with 1.1% profit margin.",,,,,,,,,
https://www.grays.com/lot/0001-21059536/motor-vehicles-motor-cycles/2014-hyundai-ix35-se-fwd-lm-automatic-wagon-wovr-repairable,2025-11-16T22:00:46.267650+00:00,$5000,$4500 - $5500,"$3,500",$0,0.0%,0.0,"The vehicle has a significant odometer reading which may deter some buyers.; Being a repairable write-off may limit the resale market, affecting demand.; Recommended bid undercuts the closest historical median ($6,700); confirm condition advantages before bidding.; Score forced to 0 because projected profit is not positive.",,,,,,,,,
https://www.grays.com/lot/0001-21059188/motor-vehicles-motor-cycles/2013-jeep-grand-cherokee-laredo-wk-automatic-8-speed-wagon,2025-11-17T03:56:58.602693+00:00,$6500,$6000 - $7000,"$5,000",$0,0.0%,0.0,"Historical auction data indicates a median price of $6900, suggesting a stable market for this model.; The current bid of $2709 is significantly below the historical mean, indicating potential for a profitable resale.; Recommended bid undercuts the closest historical median ($8,300); confirm condition advantages before bidding.; Score forced to 0 because projected profit is not positive.",,,,,,,,,
https://www.grays.com/lot/0001-21059264/motor-vehicles-motor-cycles/2016-kia-sportage-si-ql-automatic-wagon,2025-11-17T04:04:17.783949+00:00,$8500,$8000 - $9000,"$7,000",$0,0.0%,0.0,"Historical auction data indicates a median price of $8854.5, supporting a competitive resale estimate.; The current bid of $5600 suggests potential for a profitable acquisition, but market fluctuations could impact final sale price.; Recommended bid undercuts the closest historical median ($8,800); confirm condition advantages before bidding.; Score forced to 0 because projected profit is not positive.",,,,,,,,,
https://www.grays.com/lot/0001-21059201/motor-vehicles-motor-cycles/2013-volkswagen-polo-77tsi-comfortline-6r-automatic-hatchback,2025-11-17T04:07:19.358999+00:00,$4600,$4200 - $5000,"$3,109",$0,0.0%,0.0,"The historical median price suggests a stable market for this model.; Current bidding is low, indicating potential for a bargain acquisition.; Raised recommended max bid to match the current live bid ($3,109).; Recommended bid undercuts the closest historical median ($5,600); confirm condition advantages before bidding.; Score forced to 0 because projected profit is not positive.",,,,,,,,,
https://www.grays.com/lot/0001-21059210/motor-vehicles-motor-cycles/2014-ford-focus-ambiente-lw-ii-automatic-hatchback,2025-11-17T04:08:41.021203+00:00,$3700,$3500 - $4000,"$2,200",$0,0.0%,0.0,"The historical median and mean prices indicate a stable market for this model.; The vehicle's condition and mileage are typical for its age, which supports the estimated resale price.; Recommended bid undercuts the closest historical median ($6,509); confirm condition advantages before bidding.; Score forced to 0 because projected profit is not positive.",,,,,,,,,
https://www.grays.com/lot/0001-21059273/motor-vehicles-motor-cycles/2008-subaru-forester-xs-s3-automatic-wagon,2025-11-17T04:09:03.420142+00:00,$2200,$1800 - $2500,$809,$0,0.0%,0.0,"The historical median and mean prices indicate a stable market for this model.; Current bid is significantly lower than historical values, suggesting potential undervaluation.; Raised recommended max bid to match the current live bid ($809).; Recommended bid undercuts the closest historical median ($3,550); confirm condition advantages before bidding.; Score forced to 0 because projected profit is not positive.",,,,,,,,,
https://www.grays.com/lot/0001-21059235/motor-vehicles-motor-cycles/2017-honda-civic-vti-s-10th-gen-cvt-sedan,2025-11-17T19:06:45.985418+00:00,$15800,$15000 - $16500,"$11,500","$2,800",17.7%,3.5,"Historical auction data indicates a consistent median price, suggesting stable demand.; The current bid is significantly lower than historical values, indicating potential for resale profit.; Market risks include fluctuations in demand for sedans and potential competition from similar listings.; Capped recommended max bid at $11,500 (current bid plus $3,500 headroom).; Recommended bid undercuts the historical auction minimum ($15,800); confirm condition advantages before bidding.; Score capped at 3.5 to align with 17.7% profit margin.",,,,,,,,,
https://www.grays.com/lot/0001-21059304/motor-vehicles-motor-cycles/2012-mazda-cx-5-maxx-sport-ke-turbo-diesel-automatic-wagon,2025-11-17T20:55:09.339577+00:00,$5400,$5000 - $5800,"$3,900",$0,0.0%,0.0,"The historical median and mean prices suggest a stable market value around $5400.; The vehicle's age and high odometer reading may limit resale potential, but the diesel variant is often sought after.; Score forced to 0 because projected profit is not positive.",,,,,,,,,
https://www.grays.com/lot/0001-21059238/motor-vehicles-motor-cycles/2008-porsche-cayenne-automatic-wagon,2025-11-17T21:07:36.906565+00:00,$7000,$6000 - $8000,"$5,500",$0,0.0%,0.0,"The historical median and mean prices indicate a stable market for this model.; Current bid is significantly lower than historical values, suggesting potential undervaluation.; Recommended bid undercuts the historical auction minimum ($5,900); confirm condition advantages before bidding.; Score forced to 0 because projected profit is not positive.",,,,,,,,,
https://www.grays.com/lot/0001-9065164/motor-vehicles-motor-cycles/2021-toyota-hilux-4x4-sr-gun126r-turbo-diesel-automatic-crew-cab-chassis,2025-11-18T18:58:19.704966+00:00,$31000,$29500 - $32500,"$13,600","$15,900",51.3%,7.5,"The historical median price indicates strong demand for this model.; Current bid is significantly lower than historical pricing, suggesting potential undervaluation.; Capped recommended max bid at $13,600 (current bid plus $3,500 headroom).; Recommended bid undercuts the historical auction minimum ($20,300); confirm condition advantages before bidding.",,,,,,,,,
https://www.grays.com/lot/0001-21059244/motor-vehicles-motor-cycles/2013-hyundai-ix35-se-fwd-lm-automatic-wagon,2025-11-18T23:06:31.884860+00:00,$4800,$4500 - $5100,"$3,300",$0,0.0%,0.0,"Historical auction data indicates a median price of $4875, supporting a solid resale estimate.; The vehicle's age and mileage may limit resale potential, but the Hyundai brand generally holds value well.; Score forced to 0 because projected profit is not positive.",,,,,,,,,
https://www.grays.com/lot/0001-21059371/motor-vehicles-motor-cycles/2012-mazda-cx-5-maxx-sport-ke-turbo-diesel-automatic-wagon,2025-11-18T23:07:44.703402+00:00,$5400,$5000 - $5800,"$3,900",$0,0.0%,0.0,The historical median and mean prices indicate a stable resale value.; The vehicle's age and high odometer reading may limit demand.; Score forced to 0 because projected profit is not positive.,,,,,,,,,
https://www.grays.com/lot/0001-21059278/motor-vehicles-motor-cycles/2013-mitsubishi-triton-4x4-glx-mn-turbo-diesel-manual-dual-cab,2025-11-18T23:08:04.061662+00:00,$4800,$4500 - $5100,"$3,300",$0,0.0%,0.0,"The historical median price suggests a stable resale value around $4800.; The vehicle's high odometer reading may limit buyer interest, but the variant is popular in the market.; Score forced to 0 because projected profit is not positive.",,,,,,,,,
https://www.grays.com/lot/0001-21059351/motor-vehicles-motor-cycles/2011-audi-a1-1-4-tfsi-ambition-8x-automatic-hatchback,2025-11-18T23:09:11.512496+00:00,$4500,$4000 - $5000,"$2,500",$500,11.1%,2.2,"The historical median price is significantly higher than the current bid, indicating potential for resale profit.; The vehicle's age and odometer reading may limit the resale value, but demand for budget-friendly hatchbacks remains strong.; Market conditions in VIC may vary, but similar models have shown stable pricing trends.; Recommended bid undercuts the closest historical median ($4,550); confirm condition advantages before bidding.; Score capped at 2.2 to align with 11.1% profit margin.",,,,,,,,,
https://www.grays.com/lot/0001-21059382/motor-vehicles-motor-cycles/2008-land-rover-range-rover-sport-tdv6-turbo-diesel-automatic-wagon,2025-11-18T23:09:31.885047+00:00,$5300,$5000 - $5500,"$1,909","$1,891",35.7%,7.1,"The historical auction data indicates a strong demand for this model with a median price of $5300.; Current bid is significantly below historical values, presenting a good buying opportunity.; Potential risks include the vehicle's age and condition, which could affect resale value.; Raised recommended max bid to match the current live bid ($1,909).; Recommended bid undercuts the closest historical median ($7,200); confirm condition advantages before bidding.; Score capped at 7.1 to align with 35.7% profit margin.",,,,,,,,,
https://www.grays.com/lot/0001-21059393/motor-vehicles-motor-cycles/2014-mazda-cx-5-maxx-sport-ke-turbo-diesel-automatic-wagon,2025-11-18T23:10:22.719320+00:00,$6100,$5500 - $6700,"$4,500",$100,1.6%,0.3,"The historical median and mean prices indicate a stable market for this model.; The vehicle's high odometer reading may limit resale value despite the strong historical data.; Recommended bid undercuts the closest historical median ($8,833); confirm condition advantages before bidding.; Score capped at 0.3 to align with 1.6% profit margin.",,,,,,,,,
https://www.grays.com/lot/0001-21059376/motor-vehicles-motor-cycles/2015-volkswagen-passat-132tsi-comfortline-b8-automatic-wagon,2025-11-18T23:10:50.506808+00:00,$5700,$5300 - $6100,"$4,200",$0,0.0%,0.0,"The historical auction data indicates a stable median and mean price, suggesting consistent market demand.; The current bid is significantly lower than historical values, indicating a potential undervaluation in the auction.; The vehicle's condition and mileage are reasonable for its age, which supports a healthy resale price.; Recommended bid undercuts the historical auction minimum ($5,700); confirm condition advantages before bidding.; Score forced to 0 because projected profit is not positive.",,,,,,,,,
https://www.grays.com/lot/0001-21059283/motor-vehicles-motor-cycles/2011-bmw-x5-xdrive-30d-e70-lci-turbo-diesel-automatic-8-speed-wagon,2025-11-18T23:11:48.096668+00:00,$5400,$5000 - $5800,"$3,700",$200,3.7%,0.7,"The historical median price suggests a stable resale value.; The vehicle's high odometer reading may deter some buyers.; Recommended bid undercuts the closest historical median ($4,209); confirm condition advantages before bidding.; Score capped at 0.7 to align with 3.7% profit margin.",,,,,,,,,
https://www.grays.com/lot/0001-21059288/motor-vehicles-motor-cycles/2016-holden-cruze-cd-jh-automatic-hatchback,2025-11-18T23:12:02.500119+00:00,$2900,$2700 - $3100,"$1,400",$0,0.0%,0.0,"The historical median price suggests a stable resale value.; Current bid is significantly lower than historical averages, indicating potential for profit.; Score forced to 0 because projected profit is not positive.",,,,,,,,,
https://www.grays.com/lot/0001-21059316/motor-vehicles-motor-cycles/2013-nissan-dualis-ti-l-j10-iii-cvt-wagon,2025-11-18T23:12:14.114917+00:00,$3200,$2900 - $3500,"$1,700",$0,0.0%,0.0,"The historical median and mean suggest a stable resale value.; Current bid is significantly lower than historical values, indicating potential for profit.; Recommended bid undercuts the closest historical median ($3,000); confirm condition advantages before bidding.; Score forced to 0 because projected profit is not positive.",,,,,,,,,
https://www.grays.com/lot/0001-21059237/motor-vehicles-motor-cycles/2011-volvo-v60-t5-automatic-wagon,2025-11-18T23:12:29.752259+00:00,$2900,$2500 - $3200,"$1,400",$0,0.0%,0.0,"Historical auction data suggests a stable demand for this model.; The vehicle's age and mileage may limit its resale value but still offers a good margin.; Recommended bid undercuts the closest historical median ($2,650); confirm condition advantages before bidding.; Score forced to 0 because projected profit is not positive.",,,,,,,,,
https://www.grays.com/lot/0001-21059350/motor-vehicles-motor-cycles/2011-volkswagen-passat-v6-fsi-highline-3c-automatic-wagon,2025-11-18T23:12:40.658441+00:00,$4000,$3500 - $4500,"$2,509",$0,0.0%,0.0,"The historical median and mean prices indicate a stable market for this model.; The current bid is significantly lower than historical values, suggesting a potential undervaluation.; Raised recommended max bid to match the current live bid ($2,509).; Recommended bid undercuts the closest historical median ($5,300); confirm condition advantages before bidding.; Score forced to 0 because projected profit is not positive.",,,,,,,,,
https://www.grays.com/lot/0001-21059309/motor-vehicles-motor-cycles/2010-mazda-3-neo-bl-automatic-sedan,2025-11-18T23:13:09.504684+00:00,$3100,$2900 - $3300,"$1,600",$0,0.0%,0.0,"The historical median and mean prices suggest a stable market for this model.; Current bid is significantly below historical values, indicating potential for profit.; Recommended bid undercuts the closest historical median ($4,300); confirm condition advantages before bidding.; Score forced to 0 because projected profit is not positive.",,,,,,,,,
https://www.grays.com/lot/0001-21059275/motor-vehicles-motor-cycles/2017-toyota-corolla-ascent-sport-zre182r-cvt-hatchback,2025-11-18T23:13:29.321636+00:00,$10500,$9500 - $11500,"$8,700",$300,2.9%,0.6,"The historical median and mean prices indicate a stable market for this model.; Current bid is close to historical minimum, suggesting potential for profit if sold at median or higher.; Market risks include potential fluctuations in demand for used vehicles and economic conditions.; Recommended bid undercuts the historical auction minimum ($8,900); confirm condition advantages before bidding.; Score capped at 0.6 to align with 2.9% profit margin.",,,,,,,,,
https://www.grays.com/lot/0001-21059377/motor-vehicles-motor-cycles/2013-mazda-3-neo-bl-automatic-hatchback,2025-11-18T23:14:09.488096+00:00,$5400,$5000 - $5800,"$4,000",$0,0.0%,0.0,"The historical median and mean prices indicate a stable market value.; Current bid is below historical minimum, suggesting potential for profit.; Raised recommended max bid to match the current live bid ($4,000).; Recommended bid undercuts the closest historical median ($5,700); confirm condition advantages before bidding.; Score forced to 0 because projected profit is not positive.",,,,,,,,,
https://www.grays.com/lot/0001-21059274/motor-vehicles-motor-cycles/2011-subaru-forester-x-s3-manual-wagon,2025-11-18T23:14:27.364805+00:00,$2000,$1500 - $2500,$500,$0,0.0%,0.0,"The historical auction data indicates a strong median and mean price for similar vehicles.; The vehicle's high odometer reading may limit buyer interest, but the Subaru brand has good resale value.; Recommended bid undercuts the historical auction minimum ($1,200); confirm condition advantages before bidding.; Score forced to 0 because projected profit is not positive.",,,,,,,,,
https://www.grays.com/lot/0001-21059292/motor-vehicles-motor-cycles/2008-subaru-outback-2-5i-b4a-manual-wagon,2025-11-18T23:14:41.521223+00:00,$1500,$1300 - $1700,$109,$0,0.0%,0.0,"The historical auction data indicates consistent pricing around $1500.; The vehicle's age and mileage are typical for its category, suggesting stable demand.; Potential risks include market fluctuations and condition-related issues affecting resale.; Raised recommended max bid to match the current live bid ($109).; Recommended bid undercuts the historical auction minimum ($1,500); confirm condition advantages before bidding.; Score forced to 0 because projected profit is not positive.",,,,,,,,,
https://www.grays.com/lot/0001-21059381/motor-vehicles-motor-cycles/2008-toyota-camry-altise-acv40r-automatic-sedan,2025-11-18T23:15:07.700346+00:00,$2600,$2400 - $2800,"$1,309",$0,0.0%,0.0,"The historical median and mean prices indicate a stable market for this model.; Current bid is significantly lower than historical values, suggesting a potential undervaluation.; Raised recommended max bid to match the current live bid ($1,309).; Recommended bid undercuts the closest historical median ($2,609); confirm condition advantages before bidding.; Score forced to 0 because projected profit is not positive.",,,,,,,,,
https://www.grays.com/lot/0001-21059299/motor-vehicles-motor-cycles/2013-subaru-forester-2-0xt-premium-s4-cvt-wagon,2025-11-18T23:15:40.471205+00:00,$29000,$28000 - $30000,"$8,100","$19,400",66.9%,7.0,"The historical auction data indicates stable pricing around the median and mean.; The vehicle's condition and mileage are reasonable for its age, which supports the estimated resale price.; Capped recommended max bid at $8,100 (current bid plus $3,500 headroom).",,,,,,,,,
https://www.grays.com/lot/0001-21059305/motor-vehicles-motor-cycles/2011-hyundai-i30-sx-fd-manual-hatchback,2025-11-19T20:36:47.343531+00:00,$1400,$1300 - $1500,$9,$0,0.0%,0.0,"The historical median and mean support a stable resale value.; The vehicle's age and mileage are typical for its category, minimizing risk.; Raised recommended max bid to match the current live bid ($9).; Recommended bid undercuts the historical auction minimum ($1,100); confirm condition advantages before bidding.; Score forced to 0 because projected profit is not positive.",,,,,,,,,
https://www.grays.com/lot/0001-21059241/motor-vehicles-motor-cycles/2012-volkswagen-golf-103tdi-comfortline-a6-turbo-diesel-automatic-wagon,2025-11-19T20:37:18.016294+00:00,$1800,$1600 - $2000,$809,$0,0.0%,0.0,"The vehicle has a high odometer reading, which may limit buyer interest.; Historical auction data shows a consistent demand for this model, supporting a stable resale price.; The current bid is significantly lower than historical values, indicating potential for a profitable acquisition.; Raised recommended max bid to match the current live bid ($809).; Recommended bid undercuts the historical auction minimum ($1,109); confirm condition advantages before bidding.; Score forced to 0 because projected profit is not positive.",,,,,,,,,
https://www.grays.com/lot/0001-21059243/motor-vehicles-motor-cycles/2009-honda-city-vti-gm-automatic-sedan,2025-11-19T20:37:46.599155+00:00,$1750,$1600 - $1900,"$1,409",$0,0.0%,0.0,"The historical auction data indicates a stable median price of $1750.; Current bid is significantly lower than historical values, suggesting a potential undervaluation.; The vehicle's age and mileage are typical for its class, which may limit future resale appreciation.; Raised recommended max bid to match the current live bid ($1,409).; Recommended bid undercuts the historical auction minimum ($1,750); confirm condition advantages before bidding.; Score forced to 0 because projected profit is not positive.",,,,,,,,,
https://www.grays.com/lot/0001-21059380/motor-vehicles-motor-cycles/2012-mazda-3-sp25-bl-manual-hatchback,2025-11-19T20:38:16.717849+00:00,$1950,$1800 - $2100,"$1,609",$0,0.0%,0.0,"Historical auction data indicates a stable resale value around the median.; The vehicle's condition and mileage are typical for its age, reducing risk.; Market demand for hatchbacks remains strong in the VIC region.; Raised recommended max bid to match the current live bid ($1,609).; Recommended bid undercuts the closest historical median ($2,810); confirm condition advantages before bidding.; Score forced to 0 because projected profit is not positive.",,,,,,,,,
https://www.grays.com/lot/0001-21059294/motor-vehicles-motor-cycles/2017-holden-ute-sv6-vf-automatic-ute,2025-11-19T20:38:29.837737+00:00,$9500,$9000 - $10000,"$9,200",$0,0.0%,0.0,"The current bid is close to the historical median, indicating stable demand.; High odometer reading may deter some buyers, impacting resale value.; Raised recommended max bid to match the current live bid ($9,200).; Recommended bid undercuts the closest historical median ($9,580); confirm condition advantages before bidding.; Score forced to 0 because projected profit is not positive.",,,,,,,,,
https://www.grays.com/lot/0001-21059318/motor-vehicles-motor-cycles/2012-jeep-grand-cherokee-laredo-wk-turbo-diesel-automatic-wagon,2025-11-19T20:39:50.527182+00:00,$4100,$3900 - $4300,"$3,600",$0,0.0%,0.0,"The historical median and mean prices suggest a stable market for this model.; The vehicle's age and mileage are reasonable, which supports a solid resale value.; Raised recommended max bid to match the current live bid ($3,600).; Recommended bid undercuts the closest historical median ($6,610); confirm condition advantages before bidding.; Score forced to 0 because projected profit is not positive.",,,,,,,,,
https://www.grays.com/lot/0001-21059544/motor-vehicles-motor-cycles/2010-alfa-romeo-giulietta-manual-hatchback,,,,,,,,,,"15,800 - 18,100","15,800 - 18,100","15,800 - 18,100",,,"15,800 - 18,100",,
https://www.grays.com/lot/0001-21059545/motor-vehicles-motor-cycles/2017-mini-cooper-countryman-f60-automatic-wagon,2025-11-23T01:29:02.963743+00:00,"$16,950",$11000 - $12000,"$7,000","$8,450",49.9%,8.0,"Historical auction data indicates a strong median price of $11600.; Current bid is significantly lower than historical values, suggesting potential for profit.; Vehicle's condition and mileage may affect final sale price, but overall demand for Mini Cooper models remains stable.; Recommended bid undercuts the historical auction minimum ($8,450); confirm condition advantages before bidding.",,"$16,950","$16,950","$16,950",,,"15,800 - 18,100",,
https://www.grays.com/lot/0001-21059478/motor-vehicles-motor-cycles/2015-nissan-altima-ti-s-l33-cvt-sedan,2025-11-23T01:41:09.728202+00:00,"$10,500",$8000 - $9000,"$5,605","$3,395",32.3%,6.0,"Historical auction data indicates a median price of $7400, suggesting a stable market value.; Current bid is significantly lower than historical values, indicating potential for appreciation.; Market risks include potential fluctuations in demand for older sedans and condition-dependent pricing.; Capped recommended max bid at $5,605 (current bid plus $3,500 headroom).; Recommended bid undercuts the historical auction minimum ($5,700); confirm condition advantages before bidding.",,"$10,500","$10,500","$10,500",,,"$9,600 - $11,400",,
https://www.grays.com/lot/0001-21059314/motor-vehicles-motor-cycles/2010-toyota-aurion-at-x-gsv40r-automatic-sedan,2025-11-23T01:53:20.872275+00:00,"$11,200",$10200 - $12200,"$5,700","$4,000",35.7%,7.1,"Historical auction data indicates consistent pricing around $9009.; Current bid is significantly lower than historical values, suggesting potential for profit.; Market demand for reliable sedans like the Toyota Aurion remains stable.; Recommended bid undercuts the historical auction minimum ($9,009); confirm condition advantages before bidding.; Score capped at 7.1 to align with 35.7% profit margin.",,"$11,200","$11,200","$11,200",,,"$10,200 - $12,200",,
